-- ============================================================
-- TimeTracker · Dummy Seed Data
-- ============================================================
-- Run AFTER all schema files (001–010).
-- Departments are already seeded by 002_create_departments.sql,
-- so this file only seeds clients, employees, projects, pivots,
-- and time entries.
--
-- Uses deterministic UUIDs so foreign keys are easy to follow
-- and you can re-run this file (with a TRUNCATE) during dev.
-- ============================================================

-- ---- Clean slate (safe for dev only!) -----------------------
TRUNCATE time_entries, employee_projects, client_projects, employee_clients,
         projects, employees, clients
CASCADE;


-- ============================================================
-- CLIENTS (6)
-- ============================================================
INSERT INTO clients (id, client_name, client_type, client_program, billing_type, status, client_start_date, notes) VALUES
  ('c0000000-0000-0000-0000-000000000001', 'Greenfield Corp',     'retainer',    'premium',    'monthly',     'active',  '2024-01-15', 'Long-term brand partner'),
  ('c0000000-0000-0000-0000-000000000002', 'Nova Startups',       'per_project', 'standard',   'per_project', 'active',  '2024-03-01', 'Series-A startup, fast turnarounds'),
  ('c0000000-0000-0000-0000-000000000003', 'Meridian Health',     'retainer',    'enterprise', 'yearly',      'active',  '2023-09-10', 'Healthcare vertical, strict compliance'),
  ('c0000000-0000-0000-0000-000000000004', 'Atlas Education',     'per_project', 'basic',      'per_project', 'active',  '2024-06-20', 'EdTech, seasonal campaigns'),
  ('c0000000-0000-0000-0000-000000000005', 'Coastal Realty',      'retainer',    'standard',   'monthly',     'active',  '2024-02-01', 'Real estate marketing'),
  ('c0000000-0000-0000-0000-000000000006', 'Pinnacle Foods',      'one_time',    'custom',     'per_project', 'inactive','2023-11-01', 'Completed rebrand project');


-- ============================================================
-- EMPLOYEES (10) — spread across all 6 departments
-- ============================================================
-- Grab department IDs by name
DO $$
DECLARE
  d_design    UUID;
  d_video     UUID;
  d_social    UUID;
  d_blogs     UUID;
  d_web       UUID;
  d_strategy  UUID;
BEGIN
  SELECT id INTO d_design   FROM departments WHERE name = 'Design';
  SELECT id INTO d_video    FROM departments WHERE name = 'Video';
  SELECT id INTO d_social   FROM departments WHERE name = 'Social Media';
  SELECT id INTO d_blogs    FROM departments WHERE name = 'Blogs & Written Dev';
  SELECT id INTO d_web      FROM departments WHERE name = 'Web Development';
  SELECT id INTO d_strategy FROM departments WHERE name = 'Strategy';

  INSERT INTO employees (id, full_name, email, country_code, country, employment_type, department_id, hire_date) VALUES
    ('e0000000-0000-0000-0000-000000000001', 'Camila Torres',    'camila@slatestudio.com',    'CO', 'Colombia',      'full_time',  d_design,   '2023-06-01'),
    ('e0000000-0000-0000-0000-000000000002', 'Andres Ramirez',   'andres@slatestudio.com',    'CO', 'Colombia',      'full_time',  d_video,    '2023-08-15'),
    ('e0000000-0000-0000-0000-000000000003', 'Sofia Martinez',   'sofia@slatestudio.com',     'MX', 'Mexico',        'full_time',  d_social,   '2024-01-10'),
    ('e0000000-0000-0000-0000-000000000004', 'Lucas Herrera',    'lucas@slatestudio.com',     'AR', 'Argentina',     'contractor', d_web,      '2024-03-01'),
    ('e0000000-0000-0000-0000-000000000005', 'Valentina Gomez',  'valentina@slatestudio.com', 'CO', 'Colombia',      'full_time',  d_blogs,    '2023-11-20'),
    ('e0000000-0000-0000-0000-000000000006', 'Diego Navarro',    'diego@slatestudio.com',     'PE', 'Peru',          'part_time',  d_design,   '2024-05-01'),
    ('e0000000-0000-0000-0000-000000000007', 'Isabella Cruz',    'isabella@slatestudio.com',  'CO', 'Colombia',      'full_time',  d_strategy, '2023-04-15'),
    ('e0000000-0000-0000-0000-000000000008', 'Mateo Silva',      'mateo@slatestudio.com',     'CL', 'Chile',         'contractor', d_video,    '2024-07-01'),
    ('e0000000-0000-0000-0000-000000000009', 'Mariana Lopez',    'mariana@slatestudio.com',   'MX', 'Mexico',        'full_time',  d_social,   '2024-02-15'),
    ('e0000000-0000-0000-0000-000000000010', 'Santiago Reyes',   'santiago@slatestudio.com',  'CO', 'Colombia',      'full_time',  d_web,      '2023-09-01');
END $$;


-- ============================================================
-- PROJECTS (8)
-- ============================================================
INSERT INTO projects (id, project_name, category, status, estimated_hours, minimum_hours, maximum_hours, project_start_date, main_instructions) VALUES
  ('a0000000-0000-0000-0000-000000000001', 'Greenfield Brand Refresh',      'design',           'active',    40, 30, 55, '2024-02-01', 'Full visual identity update: logo, palette, type system'),
  ('a0000000-0000-0000-0000-000000000002', 'Nova Product Launch Video',     'video',            'active',    25, 15, 35, '2024-04-01', '60s hero video + 3 cut-downs for social'),
  ('a0000000-0000-0000-0000-000000000003', 'Meridian Social Campaign Q1',   'social_media',     'active',    35, 25, 45, '2024-01-01', 'Monthly content calendar, 20 posts/month, IG + LinkedIn'),
  ('a0000000-0000-0000-0000-000000000004', 'Atlas Blog Series',             'blogs_written_dev','active',    20, 10, 30, '2024-07-01', '8 long-form SEO articles on EdTech trends'),
  ('a0000000-0000-0000-0000-000000000005', 'Coastal Realty Website',        'web_dev',          'active',    60, 45, 80, '2024-03-01', 'Next.js site: listings, CMS, IDX integration'),
  ('a0000000-0000-0000-0000-000000000006', 'Greenfield Monthly Retainer',   'strategy',         'active',    15, 10, 20, '2024-02-01', 'Monthly strategy calls, competitor audits, reporting'),
  ('a0000000-0000-0000-0000-000000000007', 'Pinnacle Rebrand',             'design',           'completed', 50, 40, 65, '2023-11-01', 'Full rebrand: packaging, digital, POS materials'),
  ('a0000000-0000-0000-0000-000000000008', 'Nova App UI/UX',               'design',           'active',    30, 20, 40, '2024-06-15', 'Mobile app design: wireframes, prototypes, handoff');


-- ============================================================
-- PIVOT: CLIENT ↔ PROJECT
-- ============================================================
INSERT INTO client_projects (client_id, project_id) VALUES
  ('c0000000-0000-0000-0000-000000000001', 'a0000000-0000-0000-0000-000000000001'),  -- Greenfield → Brand Refresh
  ('c0000000-0000-0000-0000-000000000001', 'a0000000-0000-0000-0000-000000000006'),  -- Greenfield → Monthly Retainer
  ('c0000000-0000-0000-0000-000000000002', 'a0000000-0000-0000-0000-000000000002'),  -- Nova → Launch Video
  ('c0000000-0000-0000-0000-000000000002', 'a0000000-0000-0000-0000-000000000008'),  -- Nova → App UI/UX
  ('c0000000-0000-0000-0000-000000000003', 'a0000000-0000-0000-0000-000000000003'),  -- Meridian → Social Campaign
  ('c0000000-0000-0000-0000-000000000004', 'a0000000-0000-0000-0000-000000000004'),  -- Atlas → Blog Series
  ('c0000000-0000-0000-0000-000000000005', 'a0000000-0000-0000-0000-000000000005'),  -- Coastal → Website
  ('c0000000-0000-0000-0000-000000000006', 'a0000000-0000-0000-0000-000000000007');  -- Pinnacle → Rebrand


-- ============================================================
-- PIVOT: EMPLOYEE ↔ CLIENT
-- ============================================================
INSERT INTO employee_clients (employee_id, client_id) VALUES
  -- Camila (Design) works with Greenfield + Nova
  ('e0000000-0000-0000-0000-000000000001', 'c0000000-0000-0000-0000-000000000001'),
  ('e0000000-0000-0000-0000-000000000001', 'c0000000-0000-0000-0000-000000000002'),
  -- Andres (Video) works with Nova
  ('e0000000-0000-0000-0000-000000000002', 'c0000000-0000-0000-0000-000000000002'),
  -- Sofia (Social) works with Meridian
  ('e0000000-0000-0000-0000-000000000003', 'c0000000-0000-0000-0000-000000000003'),
  -- Lucas (Web) works with Coastal
  ('e0000000-0000-0000-0000-000000000004', 'c0000000-0000-0000-0000-000000000005'),
  -- Valentina (Blogs) works with Atlas
  ('e0000000-0000-0000-0000-000000000005', 'c0000000-0000-0000-0000-000000000004'),
  -- Diego (Design) works with Greenfield + Pinnacle
  ('e0000000-0000-0000-0000-000000000006', 'c0000000-0000-0000-0000-000000000001'),
  ('e0000000-0000-0000-0000-000000000006', 'c0000000-0000-0000-0000-000000000006'),
  -- Isabella (Strategy) works with Greenfield
  ('e0000000-0000-0000-0000-000000000007', 'c0000000-0000-0000-0000-000000000001'),
  -- Mateo (Video) works with Nova
  ('e0000000-0000-0000-0000-000000000008', 'c0000000-0000-0000-0000-000000000002'),
  -- Mariana (Social) works with Meridian + Coastal
  ('e0000000-0000-0000-0000-000000000009', 'c0000000-0000-0000-0000-000000000003'),
  ('e0000000-0000-0000-0000-000000000009', 'c0000000-0000-0000-0000-000000000005'),
  -- Santiago (Web) works with Coastal + Nova
  ('e0000000-0000-0000-0000-000000000010', 'c0000000-0000-0000-0000-000000000005'),
  ('e0000000-0000-0000-0000-000000000010', 'c0000000-0000-0000-0000-000000000002');


-- ============================================================
-- PIVOT: EMPLOYEE ↔ PROJECT
-- ============================================================
INSERT INTO employee_projects (employee_id, project_id, role) VALUES
  -- Camila → Brand Refresh (lead), App UI/UX (lead)
  ('e0000000-0000-0000-0000-000000000001', 'a0000000-0000-0000-0000-000000000001', 'lead'),
  ('e0000000-0000-0000-0000-000000000001', 'a0000000-0000-0000-0000-000000000008', 'lead'),
  -- Andres → Launch Video (lead)
  ('e0000000-0000-0000-0000-000000000002', 'a0000000-0000-0000-0000-000000000002', 'lead'),
  -- Sofia → Social Campaign (lead)
  ('e0000000-0000-0000-0000-000000000003', 'a0000000-0000-0000-0000-000000000003', 'lead'),
  -- Lucas → Coastal Website (lead)
  ('e0000000-0000-0000-0000-000000000004', 'a0000000-0000-0000-0000-000000000005', 'lead'),
  -- Valentina → Blog Series (lead)
  ('e0000000-0000-0000-0000-000000000005', 'a0000000-0000-0000-0000-000000000004', 'lead'),
  -- Diego → Brand Refresh (contributor), Pinnacle Rebrand (contributor)
  ('e0000000-0000-0000-0000-000000000006', 'a0000000-0000-0000-0000-000000000001', 'contributor'),
  ('e0000000-0000-0000-0000-000000000006', 'a0000000-0000-0000-0000-000000000007', 'contributor'),
  -- Isabella → Monthly Retainer (lead)
  ('e0000000-0000-0000-0000-000000000007', 'a0000000-0000-0000-0000-000000000006', 'lead'),
  -- Mateo → Launch Video (contributor)
  ('e0000000-0000-0000-0000-000000000008', 'a0000000-0000-0000-0000-000000000002', 'contributor'),
  -- Mariana → Social Campaign (contributor)
  ('e0000000-0000-0000-0000-000000000009', 'a0000000-0000-0000-0000-000000000003', 'contributor'),
  -- Santiago → Coastal Website (contributor), App UI/UX (contributor)
  ('e0000000-0000-0000-0000-000000000010', 'a0000000-0000-0000-0000-000000000005', 'contributor'),
  ('e0000000-0000-0000-0000-000000000010', 'a0000000-0000-0000-0000-000000000008', 'contributor');


-- ============================================================
-- TIME ENTRIES — 4 weeks of realistic data
-- ============================================================
-- Week 1: Jan 27 – Jan 31, 2025
-- Week 2: Feb 3  – Feb 7,  2025
-- Week 3: Feb 10 – Feb 14, 2025
-- Week 4: Feb 17 – Feb 21, 2025
-- (generated columns iso_year, iso_week, month, year are auto-computed)
-- ============================================================

INSERT INTO time_entries (employee_id, project_id, client_id, hours, time_frame, activity_date, report_date, activity_description, activity_comments) VALUES

-- ============================================================
-- WEEK 1 (Jan 27 – 31)
-- ============================================================
-- Camila (Design) — Brand Refresh
('e0000000-0000-0000-0000-000000000001', 'a0000000-0000-0000-0000-000000000001', 'c0000000-0000-0000-0000-000000000001',
  6.0, 'daily', '2025-01-27', '2025-01-27', 'Logo exploration: 3 concept directions', 'Client liked direction B'),
('e0000000-0000-0000-0000-000000000001', 'a0000000-0000-0000-0000-000000000001', 'c0000000-0000-0000-0000-000000000001',
  5.5, 'daily', '2025-01-28', '2025-01-28', 'Color palette and typography pairings', NULL),
('e0000000-0000-0000-0000-000000000001', 'a0000000-0000-0000-0000-000000000008', 'c0000000-0000-0000-0000-000000000002',
  4.0, 'daily', '2025-01-29', '2025-01-29', 'Wireframes for onboarding flow', 'Waiting on copy from Nova team'),
('e0000000-0000-0000-0000-000000000001', 'a0000000-0000-0000-0000-000000000001', 'c0000000-0000-0000-0000-000000000001',
  7.0, 'daily', '2025-01-30', '2025-01-30', 'Refined logo direction B, brand guide draft', NULL),
('e0000000-0000-0000-0000-000000000001', 'a0000000-0000-0000-0000-000000000008', 'c0000000-0000-0000-0000-000000000002',
  3.5, 'daily', '2025-01-31', '2025-01-31', 'Hi-fi mockups for home screen', NULL),

-- Andres (Video) — Launch Video
('e0000000-0000-0000-0000-000000000002', 'a0000000-0000-0000-0000-000000000002', 'c0000000-0000-0000-0000-000000000002',
  8.0, 'daily', '2025-01-27', '2025-01-27', 'Storyboard and shot list', NULL),
('e0000000-0000-0000-0000-000000000002', 'a0000000-0000-0000-0000-000000000002', 'c0000000-0000-0000-0000-000000000002',
  7.5, 'daily', '2025-01-28', '2025-01-28', 'Filming day 1: product shots', 'Studio B, natural light setup'),
('e0000000-0000-0000-0000-000000000002', 'a0000000-0000-0000-0000-000000000002', 'c0000000-0000-0000-0000-000000000002',
  6.0, 'daily', '2025-01-29', '2025-01-29', 'Filming day 2: lifestyle scenes', NULL),
('e0000000-0000-0000-0000-000000000002', 'a0000000-0000-0000-0000-000000000002', 'c0000000-0000-0000-0000-000000000002',
  5.0, 'daily', '2025-01-30', '2025-01-30', 'Rough cut assembly and music selection', NULL),

-- Sofia (Social) — Meridian Social Campaign
('e0000000-0000-0000-0000-000000000003', 'a0000000-0000-0000-0000-000000000003', 'c0000000-0000-0000-0000-000000000003',
  4.0, 'daily', '2025-01-27', '2025-01-27', 'Content calendar planning for February', NULL),
('e0000000-0000-0000-0000-000000000003', 'a0000000-0000-0000-0000-000000000003', 'c0000000-0000-0000-0000-000000000003',
  5.0, 'daily', '2025-01-28', '2025-01-28', 'Designed 5 IG carousel posts', NULL),
('e0000000-0000-0000-0000-000000000003', 'a0000000-0000-0000-0000-000000000003', 'c0000000-0000-0000-0000-000000000003',
  3.5, 'daily', '2025-01-29', '2025-01-29', 'Wrote LinkedIn article draft', 'Pending medical review'),
('e0000000-0000-0000-0000-000000000003', 'a0000000-0000-0000-0000-000000000003', 'c0000000-0000-0000-0000-000000000003',
  6.0, 'daily', '2025-01-30', '2025-01-30', 'Scheduled posts + community management', NULL),

-- Lucas (Web) — Coastal Website
('e0000000-0000-0000-0000-000000000004', 'a0000000-0000-0000-0000-000000000005', 'c0000000-0000-0000-0000-000000000005',
  8.0, 'daily', '2025-01-27', '2025-01-27', 'Next.js project setup, CMS integration', NULL),
('e0000000-0000-0000-0000-000000000004', 'a0000000-0000-0000-0000-000000000005', 'c0000000-0000-0000-0000-000000000005',
  7.0, 'daily', '2025-01-28', '2025-01-28', 'Listings page with search & filters', NULL),
('e0000000-0000-0000-0000-000000000004', 'a0000000-0000-0000-0000-000000000005', 'c0000000-0000-0000-0000-000000000005',
  6.5, 'daily', '2025-01-29', '2025-01-29', 'Property detail page, image gallery', NULL),
('e0000000-0000-0000-0000-000000000004', 'a0000000-0000-0000-0000-000000000005', 'c0000000-0000-0000-0000-000000000005',
  7.5, 'daily', '2025-01-30', '2025-01-30', 'IDX API integration, MLS data mapping', 'API rate limits discovered'),
('e0000000-0000-0000-0000-000000000004', 'a0000000-0000-0000-0000-000000000005', 'c0000000-0000-0000-0000-000000000005',
  5.0, 'daily', '2025-01-31', '2025-01-31', 'Contact form and lead capture', NULL),

-- Valentina (Blogs) — Atlas Blog Series
('e0000000-0000-0000-0000-000000000005', 'a0000000-0000-0000-0000-000000000004', 'c0000000-0000-0000-0000-000000000004',
  5.0, 'daily', '2025-01-27', '2025-01-27', 'Research: EdTech market trends 2025', NULL),
('e0000000-0000-0000-0000-000000000005', 'a0000000-0000-0000-0000-000000000004', 'c0000000-0000-0000-0000-000000000004',
  6.0, 'daily', '2025-01-28', '2025-01-28', 'Article 1 draft: AI in classrooms', NULL),
('e0000000-0000-0000-0000-000000000005', 'a0000000-0000-0000-0000-000000000004', 'c0000000-0000-0000-0000-000000000004',
  4.5, 'daily', '2025-01-29', '2025-01-29', 'Article 1 revisions + SEO optimization', NULL),
('e0000000-0000-0000-0000-000000000005', 'a0000000-0000-0000-0000-000000000004', 'c0000000-0000-0000-0000-000000000004',
  5.5, 'daily', '2025-01-30', '2025-01-30', 'Article 2 outline + keyword research', NULL),

-- Diego (Design, part-time) — Brand Refresh
('e0000000-0000-0000-0000-000000000006', 'a0000000-0000-0000-0000-000000000001', 'c0000000-0000-0000-0000-000000000001',
  4.0, 'daily', '2025-01-27', '2025-01-27', 'Icon set exploration for brand system', NULL),
('e0000000-0000-0000-0000-000000000006', 'a0000000-0000-0000-0000-000000000001', 'c0000000-0000-0000-0000-000000000001',
  3.5, 'daily', '2025-01-29', '2025-01-29', 'Business card and stationery layouts', NULL),
('e0000000-0000-0000-0000-000000000006', 'a0000000-0000-0000-0000-000000000001', 'c0000000-0000-0000-0000-000000000001',
  4.0, 'daily', '2025-01-31', '2025-01-31', 'Social media template set', NULL),

-- Isabella (Strategy) — Greenfield Retainer
('e0000000-0000-0000-0000-000000000007', 'a0000000-0000-0000-0000-000000000006', 'c0000000-0000-0000-0000-000000000001',
  3.0, 'daily', '2025-01-27', '2025-01-27', 'Monthly strategy call prep', NULL),
('e0000000-0000-0000-0000-000000000007', 'a0000000-0000-0000-0000-000000000006', 'c0000000-0000-0000-0000-000000000001',
  4.0, 'daily', '2025-01-28', '2025-01-28', 'Competitor audit: 5 brands analyzed', NULL),
('e0000000-0000-0000-0000-000000000007', 'a0000000-0000-0000-0000-000000000006', 'c0000000-0000-0000-0000-000000000001',
  2.5, 'daily', '2025-01-30', '2025-01-30', 'Reporting deck for January metrics', NULL),

-- Mateo (Video, contractor) — Launch Video
('e0000000-0000-0000-0000-000000000008', 'a0000000-0000-0000-0000-000000000002', 'c0000000-0000-0000-0000-000000000002',
  6.0, 'daily', '2025-01-28', '2025-01-28', 'Filming assistant: product shots', NULL),
('e0000000-0000-0000-0000-000000000008', 'a0000000-0000-0000-0000-000000000002', 'c0000000-0000-0000-0000-000000000002',
  5.0, 'daily', '2025-01-29', '2025-01-29', 'Filming assistant: lifestyle scenes', NULL),
('e0000000-0000-0000-0000-000000000008', 'a0000000-0000-0000-0000-000000000002', 'c0000000-0000-0000-0000-000000000002',
  4.0, 'daily', '2025-01-30', '2025-01-30', 'Color grading and audio sync', NULL),

-- Mariana (Social) — Meridian Social
('e0000000-0000-0000-0000-000000000009', 'a0000000-0000-0000-0000-000000000003', 'c0000000-0000-0000-0000-000000000003',
  3.0, 'daily', '2025-01-27', '2025-01-27', 'Reel concepts and scripts', NULL),
('e0000000-0000-0000-0000-000000000009', 'a0000000-0000-0000-0000-000000000003', 'c0000000-0000-0000-0000-000000000003',
  4.5, 'daily', '2025-01-29', '2025-01-29', 'Filmed 3 short reels', NULL),
('e0000000-0000-0000-0000-000000000009', 'a0000000-0000-0000-0000-000000000003', 'c0000000-0000-0000-0000-000000000003',
  3.5, 'daily', '2025-01-31', '2025-01-31', 'Edited reels + added captions', NULL),

-- Santiago (Web) — Coastal Website
('e0000000-0000-0000-0000-000000000010', 'a0000000-0000-0000-0000-000000000005', 'c0000000-0000-0000-0000-000000000005',
  6.0, 'daily', '2025-01-27', '2025-01-27', 'Responsive design testing', NULL),
('e0000000-0000-0000-0000-000000000010', 'a0000000-0000-0000-0000-000000000005', 'c0000000-0000-0000-0000-000000000005',
  5.5, 'daily', '2025-01-28', '2025-01-28', 'Performance optimization: image lazy loading', NULL),
('e0000000-0000-0000-0000-000000000010', 'a0000000-0000-0000-0000-000000000008', 'c0000000-0000-0000-0000-000000000002',
  4.0, 'daily', '2025-01-30', '2025-01-30', 'App UI component library setup (Storybook)', NULL),


-- ============================================================
-- WEEK 2 (Feb 3 – 7)
-- ============================================================
-- Camila
('e0000000-0000-0000-0000-000000000001', 'a0000000-0000-0000-0000-000000000001', 'c0000000-0000-0000-0000-000000000001',
  5.0, 'daily', '2025-02-03', '2025-02-03', 'Brand guide V2 incorporating feedback', NULL),
('e0000000-0000-0000-0000-000000000001', 'a0000000-0000-0000-0000-000000000008', 'c0000000-0000-0000-0000-000000000002',
  6.0, 'daily', '2025-02-04', '2025-02-04', 'App settings and profile screens', NULL),
('e0000000-0000-0000-0000-000000000001', 'a0000000-0000-0000-0000-000000000001', 'c0000000-0000-0000-0000-000000000001',
  4.5, 'daily', '2025-02-05', '2025-02-05', 'Presentation deck for client review', NULL),
('e0000000-0000-0000-0000-000000000001', 'a0000000-0000-0000-0000-000000000008', 'c0000000-0000-0000-0000-000000000002',
  7.0, 'daily', '2025-02-06', '2025-02-06', 'Design system documentation in Figma', NULL),
('e0000000-0000-0000-0000-000000000001', 'a0000000-0000-0000-0000-000000000001', 'c0000000-0000-0000-0000-000000000001',
  3.0, 'daily', '2025-02-07', '2025-02-07', 'Client review meeting + revision notes', NULL),

-- Andres
('e0000000-0000-0000-0000-000000000002', 'a0000000-0000-0000-0000-000000000002', 'c0000000-0000-0000-0000-000000000002',
  7.0, 'daily', '2025-02-03', '2025-02-03', 'Fine cut with motion graphics', NULL),
('e0000000-0000-0000-0000-000000000002', 'a0000000-0000-0000-0000-000000000002', 'c0000000-0000-0000-0000-000000000002',
  6.5, 'daily', '2025-02-04', '2025-02-04', 'Sound design and voiceover recording', NULL),
('e0000000-0000-0000-0000-000000000002', 'a0000000-0000-0000-0000-000000000002', 'c0000000-0000-0000-0000-000000000002',
  5.0, 'daily', '2025-02-05', '2025-02-05', '3 social cut-downs (15s, 30s, 45s)', NULL),
('e0000000-0000-0000-0000-000000000002', 'a0000000-0000-0000-0000-000000000002', 'c0000000-0000-0000-0000-000000000002',
  4.0, 'daily', '2025-02-06', '2025-02-06', 'Client review revisions', NULL),

-- Sofia
('e0000000-0000-0000-0000-000000000003', 'a0000000-0000-0000-0000-000000000003', 'c0000000-0000-0000-0000-000000000003',
  5.5, 'daily', '2025-02-03', '2025-02-03', 'February week 1 posts published', NULL),
('e0000000-0000-0000-0000-000000000003', 'a0000000-0000-0000-0000-000000000003', 'c0000000-0000-0000-0000-000000000003',
  4.0, 'daily', '2025-02-04', '2025-02-04', 'Community engagement and DM responses', NULL),
('e0000000-0000-0000-0000-000000000003', 'a0000000-0000-0000-0000-000000000003', 'c0000000-0000-0000-0000-000000000003',
  6.0, 'daily', '2025-02-05', '2025-02-05', 'Analytics report + new hashtag strategy', NULL),
('e0000000-0000-0000-0000-000000000003', 'a0000000-0000-0000-0000-000000000003', 'c0000000-0000-0000-0000-000000000003',
  3.5, 'daily', '2025-02-07', '2025-02-07', 'Stories design batch (10 frames)', NULL),

-- Lucas
('e0000000-0000-0000-0000-000000000004', 'a0000000-0000-0000-0000-000000000005', 'c0000000-0000-0000-0000-000000000005',
  7.0, 'daily', '2025-02-03', '2025-02-03', 'Agent directory and profile pages', NULL),
('e0000000-0000-0000-0000-000000000004', 'a0000000-0000-0000-0000-000000000005', 'c0000000-0000-0000-0000-000000000005',
  8.0, 'daily', '2025-02-04', '2025-02-04', 'Mortgage calculator widget', NULL),
('e0000000-0000-0000-0000-000000000004', 'a0000000-0000-0000-0000-000000000005', 'c0000000-0000-0000-0000-000000000005',
  6.0, 'daily', '2025-02-05', '2025-02-05', 'Blog section with Sanity CMS', NULL),
('e0000000-0000-0000-0000-000000000004', 'a0000000-0000-0000-0000-000000000005', 'c0000000-0000-0000-0000-000000000005',
  5.5, 'daily', '2025-02-06', '2025-02-06', 'SEO metadata and sitemap generation', NULL),
('e0000000-0000-0000-0000-000000000004', 'a0000000-0000-0000-0000-000000000005', 'c0000000-0000-0000-0000-000000000005',
  7.0, 'daily', '2025-02-07', '2025-02-07', 'E2E tests with Playwright', NULL),

-- Valentina
('e0000000-0000-0000-0000-000000000005', 'a0000000-0000-0000-0000-000000000004', 'c0000000-0000-0000-0000-000000000004',
  6.0, 'daily', '2025-02-03', '2025-02-03', 'Article 2 draft: gamification in learning', NULL),
('e0000000-0000-0000-0000-000000000005', 'a0000000-0000-0000-0000-000000000004', 'c0000000-0000-0000-0000-000000000004',
  5.0, 'daily', '2025-02-04', '2025-02-04', 'Article 2 revisions', NULL),
('e0000000-0000-0000-0000-000000000005', 'a0000000-0000-0000-0000-000000000004', 'c0000000-0000-0000-0000-000000000004',
  5.5, 'daily', '2025-02-05', '2025-02-05', 'Article 3 outline: remote learning tools', NULL),
('e0000000-0000-0000-0000-000000000005', 'a0000000-0000-0000-0000-000000000004', 'c0000000-0000-0000-0000-000000000004',
  4.0, 'daily', '2025-02-07', '2025-02-07', 'Internal linking strategy across articles', NULL),

-- Diego (part-time, 3 days/week)
('e0000000-0000-0000-0000-000000000006', 'a0000000-0000-0000-0000-000000000001', 'c0000000-0000-0000-0000-000000000001',
  4.0, 'daily', '2025-02-03', '2025-02-03', 'Illustration set for brand guide', NULL),
('e0000000-0000-0000-0000-000000000006', 'a0000000-0000-0000-0000-000000000001', 'c0000000-0000-0000-0000-000000000001',
  3.5, 'daily', '2025-02-05', '2025-02-05', 'Merch mockups (tote bag, hoodie)', NULL),
('e0000000-0000-0000-0000-000000000006', 'a0000000-0000-0000-0000-000000000001', 'c0000000-0000-0000-0000-000000000001',
  4.0, 'daily', '2025-02-07', '2025-02-07', 'Presentation slides design', NULL),

-- Isabella
('e0000000-0000-0000-0000-000000000007', 'a0000000-0000-0000-0000-000000000006', 'c0000000-0000-0000-0000-000000000001',
  3.5, 'daily', '2025-02-03', '2025-02-03', 'Brand positioning workshop prep', NULL),
('e0000000-0000-0000-0000-000000000007', 'a0000000-0000-0000-0000-000000000006', 'c0000000-0000-0000-0000-000000000001',
  4.0, 'daily', '2025-02-04', '2025-02-04', 'Workshop facilitation (3h) + summary doc', NULL),
('e0000000-0000-0000-0000-000000000007', 'a0000000-0000-0000-0000-000000000006', 'c0000000-0000-0000-0000-000000000001',
  2.0, 'daily', '2025-02-06', '2025-02-06', 'Q1 strategic priorities document', NULL),

-- Mateo
('e0000000-0000-0000-0000-000000000008', 'a0000000-0000-0000-0000-000000000002', 'c0000000-0000-0000-0000-000000000002',
  5.0, 'daily', '2025-02-03', '2025-02-03', 'Motion graphics for intro/outro', NULL),
('e0000000-0000-0000-0000-000000000008', 'a0000000-0000-0000-0000-000000000002', 'c0000000-0000-0000-0000-000000000002',
  4.5, 'daily', '2025-02-04', '2025-02-04', 'Thumbnail designs for YouTube', NULL),
('e0000000-0000-0000-0000-000000000008', 'a0000000-0000-0000-0000-000000000002', 'c0000000-0000-0000-0000-000000000002',
  3.0, 'daily', '2025-02-05', '2025-02-05', 'Export final deliverables, all formats', NULL),

-- Mariana
('e0000000-0000-0000-0000-000000000009', 'a0000000-0000-0000-0000-000000000003', 'c0000000-0000-0000-0000-000000000003',
  4.0, 'daily', '2025-02-03', '2025-02-03', 'February reels batch filming', NULL),
('e0000000-0000-0000-0000-000000000009', 'a0000000-0000-0000-0000-000000000003', 'c0000000-0000-0000-0000-000000000003',
  3.5, 'daily', '2025-02-05', '2025-02-05', 'Editing and captioning reels', NULL),
('e0000000-0000-0000-0000-000000000009', 'a0000000-0000-0000-0000-000000000003', 'c0000000-0000-0000-0000-000000000003',
  3.0, 'daily', '2025-02-07', '2025-02-07', 'Engagement tracking and adjustments', NULL),

-- Santiago
('e0000000-0000-0000-0000-000000000010', 'a0000000-0000-0000-0000-000000000005', 'c0000000-0000-0000-0000-000000000005',
  6.0, 'daily', '2025-02-03', '2025-02-03', 'Admin panel: listing CRUD operations', NULL),
('e0000000-0000-0000-0000-000000000010', 'a0000000-0000-0000-0000-000000000005', 'c0000000-0000-0000-0000-000000000005',
  5.0, 'daily', '2025-02-04', '2025-02-04', 'Image upload with S3 + thumbnail gen', NULL),
('e0000000-0000-0000-0000-000000000010', 'a0000000-0000-0000-0000-000000000008', 'c0000000-0000-0000-0000-000000000002',
  5.5, 'daily', '2025-02-05', '2025-02-05', 'App API endpoints: auth + profile', NULL),
('e0000000-0000-0000-0000-000000000010', 'a0000000-0000-0000-0000-000000000008', 'c0000000-0000-0000-0000-000000000002',
  6.0, 'daily', '2025-02-06', '2025-02-06', 'App API: activity feed + notifications', NULL),
('e0000000-0000-0000-0000-000000000010', 'a0000000-0000-0000-0000-000000000005', 'c0000000-0000-0000-0000-000000000005',
  4.0, 'daily', '2025-02-07', '2025-02-07', 'Bug fixes and QA round 1', NULL),


-- ============================================================
-- WEEK 3 (Feb 10 – 14)
-- ============================================================
-- Camila
('e0000000-0000-0000-0000-000000000001', 'a0000000-0000-0000-0000-000000000001', 'c0000000-0000-0000-0000-000000000001',
  6.0, 'daily', '2025-02-10', '2025-02-10', 'Final brand guide polish', NULL),
('e0000000-0000-0000-0000-000000000001', 'a0000000-0000-0000-0000-000000000008', 'c0000000-0000-0000-0000-000000000002',
  7.0, 'daily', '2025-02-11', '2025-02-11', 'Notification system UI', NULL),
('e0000000-0000-0000-0000-000000000001', 'a0000000-0000-0000-0000-000000000008', 'c0000000-0000-0000-0000-000000000002',
  5.5, 'daily', '2025-02-12', '2025-02-12', 'Dark mode variants for all screens', 'Figma auto-layout issues'),
('e0000000-0000-0000-0000-000000000001', 'a0000000-0000-0000-0000-000000000001', 'c0000000-0000-0000-0000-000000000001',
  4.0, 'daily', '2025-02-13', '2025-02-13', 'Asset export and handoff to dev', NULL),
('e0000000-0000-0000-0000-000000000001', 'a0000000-0000-0000-0000-000000000008', 'c0000000-0000-0000-0000-000000000002',
  3.5, 'daily', '2025-02-14', '2025-02-14', 'Developer handoff documentation', NULL),

-- Andres
('e0000000-0000-0000-0000-000000000002', 'a0000000-0000-0000-0000-000000000002', 'c0000000-0000-0000-0000-000000000002',
  5.0, 'daily', '2025-02-10', '2025-02-10', 'Final color grade and master export', NULL),
('e0000000-0000-0000-0000-000000000002', 'a0000000-0000-0000-0000-000000000002', 'c0000000-0000-0000-0000-000000000002',
  3.0, 'daily', '2025-02-11', '2025-02-11', 'Client revision round 2', NULL),
('e0000000-0000-0000-0000-000000000002', 'a0000000-0000-0000-0000-000000000002', 'c0000000-0000-0000-0000-000000000002',
  4.0, 'daily', '2025-02-12', '2025-02-12', 'BTS content for social media', NULL),

-- Sofia
('e0000000-0000-0000-0000-000000000003', 'a0000000-0000-0000-0000-000000000003', 'c0000000-0000-0000-0000-000000000003',
  5.0, 'daily', '2025-02-10', '2025-02-10', 'Week 2 content batch + scheduling', NULL),
('e0000000-0000-0000-0000-000000000003', 'a0000000-0000-0000-0000-000000000003', 'c0000000-0000-0000-0000-000000000003',
  4.5, 'daily', '2025-02-11', '2025-02-11', 'Patient testimonial graphics', 'HIPAA review needed'),
('e0000000-0000-0000-0000-000000000003', 'a0000000-0000-0000-0000-000000000003', 'c0000000-0000-0000-0000-000000000003',
  3.0, 'daily', '2025-02-12', '2025-02-12', 'LinkedIn carousel: health tips', NULL),
('e0000000-0000-0000-0000-000000000003', 'a0000000-0000-0000-0000-000000000003', 'c0000000-0000-0000-0000-000000000003',
  4.0, 'daily', '2025-02-14', '2025-02-14', 'Valentines Day campaign assets', NULL),

-- Lucas
('e0000000-0000-0000-0000-000000000004', 'a0000000-0000-0000-0000-000000000005', 'c0000000-0000-0000-0000-000000000005',
  8.0, 'daily', '2025-02-10', '2025-02-10', 'Staging deploy and client walkthrough', NULL),
('e0000000-0000-0000-0000-000000000004', 'a0000000-0000-0000-0000-000000000005', 'c0000000-0000-0000-0000-000000000005',
  6.0, 'daily', '2025-02-11', '2025-02-11', 'Client feedback implementation', NULL),
('e0000000-0000-0000-0000-000000000004', 'a0000000-0000-0000-0000-000000000005', 'c0000000-0000-0000-0000-000000000005',
  7.0, 'daily', '2025-02-12', '2025-02-12', 'Map integration with property pins', NULL),
('e0000000-0000-0000-0000-000000000004', 'a0000000-0000-0000-0000-000000000005', 'c0000000-0000-0000-0000-000000000005',
  5.0, 'daily', '2025-02-13', '2025-02-13', 'Accessibility audit and fixes', NULL),
('e0000000-0000-0000-0000-000000000004', 'a0000000-0000-0000-0000-000000000005', 'c0000000-0000-0000-0000-000000000005',
  6.0, 'daily', '2025-02-14', '2025-02-14', 'Performance: Lighthouse score optimization', NULL),

-- Valentina
('e0000000-0000-0000-0000-000000000005', 'a0000000-0000-0000-0000-000000000004', 'c0000000-0000-0000-0000-000000000004',
  5.0, 'daily', '2025-02-10', '2025-02-10', 'Article 3 first draft', NULL),
('e0000000-0000-0000-0000-000000000005', 'a0000000-0000-0000-0000-000000000004', 'c0000000-0000-0000-0000-000000000004',
  6.0, 'daily', '2025-02-11', '2025-02-11', 'Article 3 revisions + infographic', NULL),
('e0000000-0000-0000-0000-000000000005', 'a0000000-0000-0000-0000-000000000004', 'c0000000-0000-0000-0000-000000000004',
  4.5, 'daily', '2025-02-12', '2025-02-12', 'Article 4 research: accessibility in EdTech', NULL),
('e0000000-0000-0000-0000-000000000005', 'a0000000-0000-0000-0000-000000000004', 'c0000000-0000-0000-0000-000000000004',
  5.0, 'daily', '2025-02-14', '2025-02-14', 'Article 4 outline + first 500 words', NULL),

-- Diego
('e0000000-0000-0000-0000-000000000006', 'a0000000-0000-0000-0000-000000000001', 'c0000000-0000-0000-0000-000000000001',
  4.0, 'daily', '2025-02-10', '2025-02-10', 'Email template designs', NULL),
('e0000000-0000-0000-0000-000000000006', 'a0000000-0000-0000-0000-000000000001', 'c0000000-0000-0000-0000-000000000001',
  3.0, 'daily', '2025-02-12', '2025-02-12', 'Proposal document template', NULL),
('e0000000-0000-0000-0000-000000000006', 'a0000000-0000-0000-0000-000000000001', 'c0000000-0000-0000-0000-000000000001',
  4.0, 'daily', '2025-02-14', '2025-02-14', 'Vehicle wrap design concepts', NULL),

-- Isabella
('e0000000-0000-0000-0000-000000000007', 'a0000000-0000-0000-0000-000000000006', 'c0000000-0000-0000-0000-000000000001',
  3.0, 'daily', '2025-02-10', '2025-02-10', 'February strategy call', NULL),
('e0000000-0000-0000-0000-000000000007', 'a0000000-0000-0000-0000-000000000006', 'c0000000-0000-0000-0000-000000000001',
  4.5, 'daily', '2025-02-11', '2025-02-11', 'Market research: industry benchmarks', NULL),
('e0000000-0000-0000-0000-000000000007', 'a0000000-0000-0000-0000-000000000006', 'c0000000-0000-0000-0000-000000000001',
  2.0, 'daily', '2025-02-13', '2025-02-13', 'Campaign ROI analysis', NULL),

-- Mateo
('e0000000-0000-0000-0000-000000000008', 'a0000000-0000-0000-0000-000000000002', 'c0000000-0000-0000-0000-000000000002',
  4.0, 'daily', '2025-02-10', '2025-02-10', 'BTS video edit for social', NULL),
('e0000000-0000-0000-0000-000000000008', 'a0000000-0000-0000-0000-000000000002', 'c0000000-0000-0000-0000-000000000002',
  3.0, 'daily', '2025-02-12', '2025-02-12', 'Subtitle files for all deliverables', NULL),

-- Mariana
('e0000000-0000-0000-0000-000000000009', 'a0000000-0000-0000-0000-000000000003', 'c0000000-0000-0000-0000-000000000003',
  4.0, 'daily', '2025-02-10', '2025-02-10', 'Valentine health awareness campaign', NULL),
('e0000000-0000-0000-0000-000000000009', 'a0000000-0000-0000-0000-000000000003', 'c0000000-0000-0000-0000-000000000003',
  3.5, 'daily', '2025-02-12', '2025-02-12', 'Patient spotlight video edit', NULL),
('e0000000-0000-0000-0000-000000000009', 'a0000000-0000-0000-0000-000000000003', 'c0000000-0000-0000-0000-000000000003',
  3.0, 'daily', '2025-02-14', '2025-02-14', 'Weekly analytics snapshot', NULL),

-- Santiago
('e0000000-0000-0000-0000-000000000010', 'a0000000-0000-0000-0000-000000000005', 'c0000000-0000-0000-0000-000000000005',
  5.0, 'daily', '2025-02-10', '2025-02-10', 'User auth with NextAuth.js', NULL),
('e0000000-0000-0000-0000-000000000010', 'a0000000-0000-0000-0000-000000000008', 'c0000000-0000-0000-0000-000000000002',
  6.0, 'daily', '2025-02-11', '2025-02-11', 'App: push notification service', NULL),
('e0000000-0000-0000-0000-000000000010', 'a0000000-0000-0000-0000-000000000005', 'c0000000-0000-0000-0000-000000000005',
  4.5, 'daily', '2025-02-12', '2025-02-12', 'Favorites/saved listings feature', NULL),
('e0000000-0000-0000-0000-000000000010', 'a0000000-0000-0000-0000-000000000008', 'c0000000-0000-0000-0000-000000000002',
  5.0, 'daily', '2025-02-13', '2025-02-13', 'App: real-time chat backend', NULL),
('e0000000-0000-0000-0000-000000000010', 'a0000000-0000-0000-0000-000000000005', 'c0000000-0000-0000-0000-000000000005',
  5.5, 'daily', '2025-02-14', '2025-02-14', 'Pre-launch QA + staging deploy', NULL),


-- ============================================================
-- WEEK 4 (Feb 17 – 21)  — current week at time of seed
-- ============================================================
-- Camila
('e0000000-0000-0000-0000-000000000001', 'a0000000-0000-0000-0000-000000000008', 'c0000000-0000-0000-0000-000000000002',
  6.5, 'daily', '2025-02-17', '2025-02-17', 'Micro-interactions and animations spec', NULL),
('e0000000-0000-0000-0000-000000000001', 'a0000000-0000-0000-0000-000000000008', 'c0000000-0000-0000-0000-000000000002',
  5.0, 'daily', '2025-02-18', '2025-02-18', 'Final prototype walkthrough with devs', NULL),
('e0000000-0000-0000-0000-000000000001', 'a0000000-0000-0000-0000-000000000001', 'c0000000-0000-0000-0000-000000000001',
  4.0, 'daily', '2025-02-19', '2025-02-19', 'Brand guide final delivery', NULL),

-- Andres
('e0000000-0000-0000-0000-000000000002', 'a0000000-0000-0000-0000-000000000002', 'c0000000-0000-0000-0000-000000000002',
  3.0, 'daily', '2025-02-17', '2025-02-17', 'Final export and delivery', NULL),
('e0000000-0000-0000-0000-000000000002', 'a0000000-0000-0000-0000-000000000002', 'c0000000-0000-0000-0000-000000000002',
  2.0, 'daily', '2025-02-18', '2025-02-18', 'Project wrap-up and asset archive', NULL),

-- Sofia
('e0000000-0000-0000-0000-000000000003', 'a0000000-0000-0000-0000-000000000003', 'c0000000-0000-0000-0000-000000000003',
  5.0, 'daily', '2025-02-17', '2025-02-17', 'Week 3 content publish + engagement', NULL),
('e0000000-0000-0000-0000-000000000003', 'a0000000-0000-0000-0000-000000000003', 'c0000000-0000-0000-0000-000000000003',
  4.5, 'daily', '2025-02-18', '2025-02-18', 'March content calendar draft', NULL),

-- Lucas
('e0000000-0000-0000-0000-000000000004', 'a0000000-0000-0000-0000-000000000005', 'c0000000-0000-0000-0000-000000000005',
  7.0, 'daily', '2025-02-17', '2025-02-17', 'Production deploy and DNS cutover', NULL),
('e0000000-0000-0000-0000-000000000004', 'a0000000-0000-0000-0000-000000000005', 'c0000000-0000-0000-0000-000000000005',
  5.0, 'daily', '2025-02-18', '2025-02-18', 'Post-launch monitoring and hotfixes', NULL),

-- Valentina
('e0000000-0000-0000-0000-000000000005', 'a0000000-0000-0000-0000-000000000004', 'c0000000-0000-0000-0000-000000000004',
  6.0, 'daily', '2025-02-17', '2025-02-17', 'Article 4 complete draft', NULL),
('e0000000-0000-0000-0000-000000000005', 'a0000000-0000-0000-0000-000000000004', 'c0000000-0000-0000-0000-000000000004',
  4.0, 'daily', '2025-02-18', '2025-02-18', 'Article 5 research: EdTech funding', NULL),

-- Diego
('e0000000-0000-0000-0000-000000000006', 'a0000000-0000-0000-0000-000000000001', 'c0000000-0000-0000-0000-000000000001',
  4.0, 'daily', '2025-02-17', '2025-02-17', 'Final asset exports and file organization', NULL),
('e0000000-0000-0000-0000-000000000006', 'a0000000-0000-0000-0000-000000000001', 'c0000000-0000-0000-0000-000000000001',
  3.0, 'daily', '2025-02-19', '2025-02-19', 'Handoff meeting with client', NULL),

-- Isabella
('e0000000-0000-0000-0000-000000000007', 'a0000000-0000-0000-0000-000000000006', 'c0000000-0000-0000-0000-000000000001',
  3.5, 'daily', '2025-02-17', '2025-02-17', 'Monthly performance report', NULL),
('e0000000-0000-0000-0000-000000000007', 'a0000000-0000-0000-0000-000000000006', 'c0000000-0000-0000-0000-000000000001',
  2.5, 'daily', '2025-02-18', '2025-02-18', 'March roadmap planning', NULL),

-- Mateo
('e0000000-0000-0000-0000-000000000008', 'a0000000-0000-0000-0000-000000000002', 'c0000000-0000-0000-0000-000000000002',
  3.0, 'daily', '2025-02-17', '2025-02-17', 'Final delivery QC check', NULL),

-- Mariana
('e0000000-0000-0000-0000-000000000009', 'a0000000-0000-0000-0000-000000000003', 'c0000000-0000-0000-0000-000000000003',
  4.0, 'daily', '2025-02-17', '2025-02-17', 'Content performance review meeting', NULL),
('e0000000-0000-0000-0000-000000000009', 'a0000000-0000-0000-0000-000000000003', 'c0000000-0000-0000-0000-000000000003',
  3.5, 'daily', '2025-02-18', '2025-02-18', 'March reel planning session', NULL),

-- Santiago
('e0000000-0000-0000-0000-000000000010', 'a0000000-0000-0000-0000-000000000005', 'c0000000-0000-0000-0000-000000000005',
  4.0, 'daily', '2025-02-17', '2025-02-17', 'Post-launch bug fixes round 2', NULL),
('e0000000-0000-0000-0000-000000000010', 'a0000000-0000-0000-0000-000000000008', 'c0000000-0000-0000-0000-000000000002',
  6.0, 'daily', '2025-02-18', '2025-02-18', 'App: search and filtering backend', NULL);
